,question,ground_truth,contexts
15,What did Orban say about Trump's impact on global leaders and geopolitics?,"Viktor Orban stated that the whole world is blowing up because we need Trump back as president, implying that world leaders, including China and North Korea, were afraid of him. Orban described Trump as the most respected and most feared person, suggesting that his presence had a stabilizing effect on global geopolitics.","[""FORMER PRESIDENT DONALD TRUMP: Let me just tell you about world leaders. Viktor Orban, one of the most respected men -- they call him a strong man. He's a tough person. Smart. Prime Minister of Hungary. They said why is the whole world blowing up? Three years ago it wasn't. Why is it blowing up? He said because you need Trump back as president. They were afraid of him. China was afraid. And I don't like to use the word afraid but I'm just quoting him. China was afraid of him. North Korea was afraid of him. Look at what's going on with North Korea, by the way. He said Russia was afraid of him. I ended the Nord Stream 2 pipeline and Biden put it back on day one but he ended the XL pipeline. The XL pipeline in our country. He ended that. But he let the Russians build a pipeline going all over Europe and heading into Germany. The biggest pipeline in the world. Look, Viktor Orban said it. He said the most respected, most feared person is Donald Trump. We had no problems when Trump was""]"
16,What measures does VP Harris support for women's reproductive rights amid Trump's policies?,VP Harris supports reinstating the protections of Roe v. Wade and believes in a woman's right to make decisions about her own body. She pledges to sign a bill to restore these protections if Congress passes it.,"[""VICE PRESIDENT KAMALA HARRIS: I have talked with women around our country. You want to talk about this is what people wanted? Pregnant women who want to carry a pregnancy to term suffering from a miscarriage, being denied care in an emergency room because the health care providers are afraid they might go to jail and she's bleeding out in a car in the parking lot? She didn't want that. Her husband didn't want that. A 12 or 13-year-old survivor of incest being forced to carry a pregnancy to term? They don't want that. And I pledge to you when Congress passes a bill to put back in place the protections of Roe v. Wade as president of the United States, I will proudly sign it into law. But understand, if Donald Trump were to be re-elected, he will sign a national abortion ban. Understand in his Project 2025 there would be a national abortion ban. Understand in his Project 2025 there would be a national abortion -- a monitor that would be monitoring your pregnancies, your miscarriages. I"", ""VICE PRESIDENT KAMALA HARRIS: I absolutely support reinstating the protections of Roe v. Wade. And as you rightly mentioned, nowhere in America is a woman carrying a pregnancy to term and asking for an abortion. That is not happening. It's insulting to the women of America. And understand what has been happening under Donald Trump's abortion bans. Couples who pray and dream of having a family are being denied IVF treatments. What is happening in our country, working people, working women who are working one or two jobs, who can barely afford childcare as it is, have to travel to another state to get on a plane sitting next to strangers, to go and get the health care she needs. Barely can afford to do it. And what you are putting her through is unconscionable. And the people of America have not -- the majority of Americans believe in a woman's right to make decisions about her own body. And that is why in every state where this issue has been on the ballot, in red and blue states both,""]"
17,How do Harris's talks with Zelenskyy support U.S. commitment to sovereignty?,"Harris's talks with Zelenskyy support U.S. commitment to sovereignty by emphasizing the importance of sovereignty and territorial integrity, which she highlighted during her meetings with him. She shared American intelligence with Zelenskyy to help him defend Ukraine against Russian aggression, demonstrating a commitment to uphold international rules and norms regarding sovereignty.","[""VICE PRESIDENT KAMALA HARRIS: Yet again, I said it at the beginning of this debate, you're going to hear a bunch of lies coming from this fella. And that is another one. When I went to meet with President Zelenskyy, I've now met with him over five times. The reality is, it has been about standing as America always should, as a leader upholding international rules and norms. As a leader who shows strength, understanding that the alliances we have around the world are dependent on our ability to look out for our friends and not favor our enemies because you adore strongmen instead of caring about democracy. And that is very much what is at stake here. The President of the United States is commander-in-chief. And the American people have a right to rely on a president who understands the significance of America's role and responsibility in terms of ensuring that there is stability and ensuring we stand up for our principles and not sell them for the benefit of personal flattery."", ""VICE PRESIDENT KAMALA HARRIS: Well, first of all, it's important to remind the former president you're not running against Joe Biden, you're running against me. I believe the reason that Donald Trump says that this war would be over within 24 hours is because he would just give it up. And that's not who we are as Americans. Let's understand what happened here. I actually met with Zelenskyy a few days before Russia invaded, tried through force to change territorial boundaries to defy one of the most important international rules and norms, which is the importance of sovereignty and territorial integrity. And I met with President Zelenskyy. I shared with him American intelligence about how he could defend himself. Days later I went to NATO's eastern flank, to Poland and Romania. And through the work that I and others did we brought 50 countries together to support Ukraine in its righteous defense. And because of our support, because of the air defense, the ammunition, the artillery, the""]"
18,How does the Biden admin view Ukraine's sovereignty vs. negotiating peace?,"The Biden administration views defending Ukraine's sovereignty and democracy as crucial, arguing that it is in America's best interest to support Ukraine against Russia. However, the context does not provide a direct answer regarding their stance on negotiating peace in relation to Ukraine's sovereignty.","[""LINSEY DAVIS: President Trump...\n\nFORMER PRESIDENT DONALD TRUMP: Gets paid a lot of money --\n\nLINSEY DAVIS: Thank you. We have a lot of issues to get to.\n\nDAVID MUIR: We'll be right back with much more of this historic ABC News presidential debate from the National Constitution Center right here in Philadelphia. Back in a moment.\n\nDAVID MUIR: And I want to turn to the war in Ukraine. We're now 2 1/2 years into this conflict. Mr. President, it has been the position of the Biden administration that we must defend Ukraine from Russia, from Vladimir Putin, to defend their sovereignty, their democracy, that it's in America's best interest to do so, arguing that if Putin wins he may be emboldened to move even further into other countries. You have said you would solve this war in 24 hours. You said so just before the break tonight. How exactly would you do that? And I want to ask you a very simple question tonight. Do you want Ukraine to win this war?"", ""DAVID MUIR: And just to clarify here.\n\nFORMER PRESIDENT DONALD TRUMP: They threw him out of a campaign like a dog. We don't even know, is he our president? But we have a president...\n\nDAVID MUIR: Mr. President,\n\nFORMER PRESIDENT DONALD TRUMP: ...that doesn't know he's alive.\n\nDAVID MUIR: Your time is up. Just to clarify the question, do you believe it's in the U.S. best interests for Ukraine to win this war? Yes or no?\n\nFORMER PRESIDENT DONALD TRUMP: I think it's in the U.S. best interest to get this war finished and just get it done. All right. Negotiate a deal. Because we have to stop all of these human lives from being destroyed.\n\nDAVID MUIR: I want to take this to Vice President Harris. I want to get your thoughts on support for Ukraine in this moment. But also as commander in chief if elected how would you deal with Vladimir Putin and would it be any different from what we're seeing from President Biden?""]"
19,What initiatives does Kamala Harris suggest for small businesses and middle-class financial issues?,"Kamala Harris suggests several initiatives for small businesses and middle-class financial issues, including a plan to provide startup businesses with a $50,000 tax deduction, a $6,000 tax credit for young families during the first year of a child's life, and a $25,000 assistance for down payments to help people pursue the American dream. She emphasizes her commitment to lifting up the middle class and working people through these plans.","[""VICE PRESIDENT KAMALA HARRIS: I want to respond to that, though. I want to just respond briefly. Clearly, I am not Joe Biden, and I am certainly not Donald Trump. And what I do offer is a new generation of leadership for our country. One who believes in what is possible, one who brings a sense of optimism about what we can do instead of always disparaging the American people. I believe in what we can do to strengthen our small businesses, which is why I have a plan. Let's talk about our plans. And, and let's compare the plans. I have a plan to give startup businesses $50,000 tax deduction, to pursue their ambitions, their innovation, their ideas, their hard work. I have a plan. $6,000 for young families for the first year of your child's life. To help you in that most critical stage of your child's development. I have a plan that is about allowing people to be able to pursue what has been fleeting in terms of the American dream by offering help with down payment of $25,000, down"", ""VICE PRESIDENT KAMALA HARRIS: So, I was raised as a middle-class kid. And I am actually the only person on this stage who has a plan that is about lifting up the middle class and working people of America. I believe in the ambition, the aspirations, the dreams of the American people. And that is why I imagine and have actually a plan to build what I call an opportunity economy. Because here's the thing. We know that we have a shortage of homes and housing, and the cost of housing is too expensive for far too many people. We know that young families need support to raise their children. And I intend on extending a tax cut for those families of $6,000, which is the largest child tax credit that we have given in a long time. So that those young families can afford to buy a crib, buy a car seat, buy clothes for their children. My passion, one of them, is small businesses. I was actually -- my mother raised my sister and me but there was a woman who helped raise us. We call her our second""]"
20,"How does the $6,000 child tax credit fit into Kamala Harris's plan for young families and small biz growth?","Kamala Harris's plan includes extending a $6,000 child tax credit for young families, which is the largest child tax credit given in a long time. This financial support is intended to help young families afford essential items for their children, such as a crib, car seat, and clothes, thereby supporting their growth and development. Additionally, her plan aims to strengthen small businesses by providing a $50,000 tax deduction for startup businesses, allowing them to pursue their ambitions and innovations.","[""VICE PRESIDENT KAMALA HARRIS: So, I was raised as a middle-class kid. And I am actually the only person on this stage who has a plan that is about lifting up the middle class and working people of America. I believe in the ambition, the aspirations, the dreams of the American people. And that is why I imagine and have actually a plan to build what I call an opportunity economy. Because here's the thing. We know that we have a shortage of homes and housing, and the cost of housing is too expensive for far too many people. We know that young families need support to raise their children. And I intend on extending a tax cut for those families of $6,000, which is the largest child tax credit that we have given in a long time. So that those young families can afford to buy a crib, buy a car seat, buy clothes for their children. My passion, one of them, is small businesses. I was actually -- my mother raised my sister and me but there was a woman who helped raise us. We call her our second"", ""VICE PRESIDENT KAMALA HARRIS: I want to respond to that, though. I want to just respond briefly. Clearly, I am not Joe Biden, and I am certainly not Donald Trump. And what I do offer is a new generation of leadership for our country. One who believes in what is possible, one who brings a sense of optimism about what we can do instead of always disparaging the American people. I believe in what we can do to strengthen our small businesses, which is why I have a plan. Let's talk about our plans. And, and let's compare the plans. I have a plan to give startup businesses $50,000 tax deduction, to pursue their ambitions, their innovation, their ideas, their hard work. I have a plan. $6,000 for young families for the first year of your child's life. To help you in that most critical stage of your child's development. I have a plan that is about allowing people to be able to pursue what has been fleeting in terms of the American dream by offering help with down payment of $25,000, down""]"
21,What strategies does Kamala Harris suggest for helping young families with housing and supporting small businesses?,"Kamala Harris suggests extending a tax cut of $6,000 for young families to help them afford essential items for their children, and she proposes a $25,000 down payment assistance to help families achieve home ownership. For small businesses, she plans to offer a $50,000 tax deduction to support startups in pursuing their ambitions and innovations.","[""VICE PRESIDENT KAMALA HARRIS: So, I was raised as a middle-class kid. And I am actually the only person on this stage who has a plan that is about lifting up the middle class and working people of America. I believe in the ambition, the aspirations, the dreams of the American people. And that is why I imagine and have actually a plan to build what I call an opportunity economy. Because here's the thing. We know that we have a shortage of homes and housing, and the cost of housing is too expensive for far too many people. We know that young families need support to raise their children. And I intend on extending a tax cut for those families of $6,000, which is the largest child tax credit that we have given in a long time. So that those young families can afford to buy a crib, buy a car seat, buy clothes for their children. My passion, one of them, is small businesses. I was actually -- my mother raised my sister and me but there was a woman who helped raise us. We call her our second"", ""VICE PRESIDENT KAMALA HARRIS: I want to respond to that, though. I want to just respond briefly. Clearly, I am not Joe Biden, and I am certainly not Donald Trump. And what I do offer is a new generation of leadership for our country. One who believes in what is possible, one who brings a sense of optimism about what we can do instead of always disparaging the American people. I believe in what we can do to strengthen our small businesses, which is why I have a plan. Let's talk about our plans. And, and let's compare the plans. I have a plan to give startup businesses $50,000 tax deduction, to pursue their ambitions, their innovation, their ideas, their hard work. I have a plan. $6,000 for young families for the first year of your child's life. To help you in that most critical stage of your child's development. I have a plan that is about allowing people to be able to pursue what has been fleeting in terms of the American dream by offering help with down payment of $25,000, down""]"
22,What effect did the coalition's military support have on Ukraine's sovereignty?,"The coalition's military support has helped Ukraine stand as an independent and free country, preserving its sovereignty against Russian aggression. Without this support, Putin would likely have been able to change territorial boundaries and undermine Ukraine's sovereignty.","[""the work that I and others did we brought 50 countries together to support Ukraine in its righteous defense. And because of our support, because of the air defense, the ammunition, the artillery, the javelins, the Abrams tanks that we have provided, Ukraine stands as an independent and free country. If Donald Trump were president, Putin would be sitting in Kyiv right now. And understand what that would mean. Because Putin's agenda is not just about Ukraine. Understand why the European allies and our NATO allies are so thankful that you are no longer president and that we understand the importance of the greatest military alliance the world has ever known, which is NATO. And what we have done to preserve the ability of Zelenskyy and the Ukrainians to fight for their Independence. Otherwise, Putin would be sitting in Kyiv with his eyes on the rest of Europe. Starting with Poland. And why don't you tell the 800,000 Polish Americans right here in Pennsylvania how quickly you would give up"", ""VICE PRESIDENT KAMALA HARRIS: Well, first of all, it's important to remind the former president you're not running against Joe Biden, you're running against me. I believe the reason that Donald Trump says that this war would be over within 24 hours is because he would just give it up. And that's not who we are as Americans. Let's understand what happened here. I actually met with Zelenskyy a few days before Russia invaded, tried through force to change territorial boundaries to defy one of the most important international rules and norms, which is the importance of sovereignty and territorial integrity. And I met with President Zelenskyy. I shared with him American intelligence about how he could defend himself. Days later I went to NATO's eastern flank, to Poland and Romania. And through the work that I and others did we brought 50 countries together to support Ukraine in its righteous defense. And because of our support, because of the air defense, the ammunition, the artillery, the""]"
23,What's Trump's plan for the Ukraine conflict vs. Biden's support for Ukraine?,"The context does not provide specific details about Trump's plan for the Ukraine conflict compared to Biden's support for Ukraine. It mentions that Trump believes it's in the U.S. best interest to finish the war and negotiate a deal, while Biden's administration supports defending Ukraine from Russia to protect their sovereignty and democracy.","[""DAVID MUIR: And just to clarify here.\n\nFORMER PRESIDENT DONALD TRUMP: They threw him out of a campaign like a dog. We don't even know, is he our president? But we have a president...\n\nDAVID MUIR: Mr. President,\n\nFORMER PRESIDENT DONALD TRUMP: ...that doesn't know he's alive.\n\nDAVID MUIR: Your time is up. Just to clarify the question, do you believe it's in the U.S. best interests for Ukraine to win this war? Yes or no?\n\nFORMER PRESIDENT DONALD TRUMP: I think it's in the U.S. best interest to get this war finished and just get it done. All right. Negotiate a deal. Because we have to stop all of these human lives from being destroyed.\n\nDAVID MUIR: I want to take this to Vice President Harris. I want to get your thoughts on support for Ukraine in this moment. But also as commander in chief if elected how would you deal with Vladimir Putin and would it be any different from what we're seeing from President Biden?"", ""LINSEY DAVIS: President Trump...\n\nFORMER PRESIDENT DONALD TRUMP: Gets paid a lot of money --\n\nLINSEY DAVIS: Thank you. We have a lot of issues to get to.\n\nDAVID MUIR: We'll be right back with much more of this historic ABC News presidential debate from the National Constitution Center right here in Philadelphia. Back in a moment.\n\nDAVID MUIR: And I want to turn to the war in Ukraine. We're now 2 1/2 years into this conflict. Mr. President, it has been the position of the Biden administration that we must defend Ukraine from Russia, from Vladimir Putin, to defend their sovereignty, their democracy, that it's in America's best interest to do so, arguing that if Putin wins he may be emboldened to move even further into other countries. You have said you would solve this war in 24 hours. You said so just before the break tonight. How exactly would you do that? And I want to ask you a very simple question tonight. Do you want Ukraine to win this war?""]"
24,What insights does Kamala Harris share on race's role in unity vs. division in the U.S.?,"Kamala Harris shares that she believes it is a tragedy when someone attempts to use race to divide the American people. She emphasizes that the vast majority of people have more in common than what separates them and do not want an approach that constantly divides, especially by race. She recalls instances from Donald Trump's past that exemplify division, such as refusing to rent to Black families and calling for the execution of the Central Park Five. Harris expresses that the American people desire better leadership that fosters unity and invests in the aspirations and dreams of all individuals, regardless of their background.","[""VICE PRESIDENT KAMALA HARRIS: I think it's – I mean honestly, I think it's a tragedy that we have someone who wants to be president who has consistently over the course of his career attempted to use race to divide the American people. You know, I do believe that the vast majority of us know that we have so much more in common than what separates us. And we don't want this kind of approach that is just constantly trying to divide us, and especially by race. And let's remember how Donald Trump started. He was a, a, a—land, he owned land, he owned buildings, and he was investigated because he refused to rent property to Black families. Let's remember, this is the same individual who took out a full-page ad in The New York Times calling for the execution of five young Black and Latino boys who were innocent, the Central Park Five. Took out a full-page ad calling for their execution. This is the same individual who spread birther lies about the first Black President of the United States."", 'were innocent, the Central Park Five. Took out a full-page ad calling for their execution. This is the same individual who spread birther lies about the first Black President of the United States. And I think the American people want better than that. Want better than this. Want someone who understands as I do, I travel our country, we see in each other a friend. We see in each other a neighbor. We don\'t want a leader who is constantly trying to have Americans point their fingers at each other. I meet with people all the time who tell me ""Can we please just have discourse about how we\'re going to invest in the aspirations and the ambitions and the dreams of the American people?"" Knowing that regardless of people\'s color or the language their grandmother speaks we all have the same dreams and aspirations and want a president who invests in those, not in hate and division.']"
25,What contradictory claims has Trump made about the 2020 election results?,"Trump has made contradictory claims about the 2020 election results by stating both that he lost by a whisker and that he does not acknowledge losing at all. He has also previously claimed he won in a landslide, which he later described sarcastically.","[""DAVID MUIR: Are you now acknowledging that you lost in 2020?\n\nFORMER PRESIDENT DONALD TRUMP: No, I don't acknowledge that at all.\n\nDAVID MUIR: But you did say that.\n\nFORMER PRESIDENT DONALD TRUMP: I said that sarcastically. You know that. It was said, oh we lost by a whisker. That was said sarcastically. Look, there's so much proof. All you have to do is look at it. And they should have sent it back to the legislatures for approval. I got almost 75 million votes. The most votes any sitting president has ever gotten. I was told if I got 63, which was what I got in 2016, you can't be beaten. The election, people should never be thinking about an election as fraudulent. We need two things. We need walls. We need -- and we have to have it. We have to have borders. And we have to have good elections."", ""DAVID MUIR: Mr. President --\n\nFORMER PRESIDENT DONALD TRUMP: Those people are killing many people, unlike J-6.\n\nDAVID MUIR: We talked immigration here tonight. I do want to focus on this next issue to both of you. Because it really brings us, this into focus. Truth in these times that we're living in. Mr. President, for 3 and a half years after you lost the 2020 election you repeatedly falsely claimed that you won, many times saying you won in a landslide. In the past couple of weeks leading up to this debate, you have said, quote, you lost by a whisker, that you, quote, didn't quite make it, that you came up a little bit short.\n\nFORMER PRESIDENT DONALD TRUMP: I said that?\n\nDAVID MUIR: Are you now acknowledging that you lost in 2020?\n\nFORMER PRESIDENT DONALD TRUMP: No, I don't acknowledge that at all.\n\nDAVID MUIR: But you did say that.""]"
26,What strategies does VP Harris suggest for supporting small businesses and families?,"VP Harris suggests several strategies for supporting small businesses and families, including creating an opportunity economy by investing in small businesses, providing a $50,000 tax deduction for startup businesses, offering $6,000 for young families during the first year of a child's life, and helping with down payments of $25,000 to assist people in pursuing the American dream.","[""VICE PRESIDENT KAMALA HARRIS: So I think you've heard tonight two very different visions for our country. One that is focused on the future and the other that is focused on the past. And an attempt to take us backward. But we're not going back. And I do believe that the American people know we all have so much more in common than what separates us and we can chart a new way forward. And a vision of that includes having a plan, understanding the aspirations, the dreams, the hopes, the ambition of the American people, which is why I intend to create an opportunity economy, investing in small businesses, in new families, in what we can do around protecting seniors, what we can do that is about giving hard-working folks a break in bringing down the cost of living. I believe in what we can do together that is about sustaining America's standing in the world and ensuring we have the respect that we so rightly deserve including respecting our military and ensuring we have the most lethal"", ""VICE PRESIDENT KAMALA HARRIS: I want to respond to that, though. I want to just respond briefly. Clearly, I am not Joe Biden, and I am certainly not Donald Trump. And what I do offer is a new generation of leadership for our country. One who believes in what is possible, one who brings a sense of optimism about what we can do instead of always disparaging the American people. I believe in what we can do to strengthen our small businesses, which is why I have a plan. Let's talk about our plans. And, and let's compare the plans. I have a plan to give startup businesses $50,000 tax deduction, to pursue their ambitions, their innovation, their ideas, their hard work. I have a plan. $6,000 for young families for the first year of your child's life. To help you in that most critical stage of your child's development. I have a plan that is about allowing people to be able to pursue what has been fleeting in terms of the American dream by offering help with down payment of $25,000, down""]"
